{"best_gene": [7, 15, 2, 0, 25, 12, 27, 23, 14, 2, 24, 16, 0, 0, 27, 6, 19, 20, 16, 19, 1, 24, 7, 2, 10, 16, 7, 11, 7, 29, 26, 26, 25, 23, 2, 20, 17, 29, 18, 1], "best_fitness": -2.50350375327, "best_index": 21, "mean": -3.26783598527575, "median": -3.02485196583, "min": -5.19390096806}