{"best_gene": [8, 4, 25, 21, 28, 29, 18, 1, 28, 20, 20, 22, 5, 24, 12, 0, 0, 28, 14, 14, 11, 12, 7, 21, 1, 11, 18, 21, 14, 10, 9, 29, 17, 13, 4, 8, 13, 2, 2, 7], "best_fitness": -1.61540292404, "best_index": 38, "mean": -2.1311352257628338, "median": -2.08494499169, "min": -3.10081338927}