{"best_gene": [20, 4, 23, 14, 16, 23, 2, 22, 29, 15, 18, 12, 26, 11, 4, 7, 26, 22, 9, 8, 9, 16, 8, 19, 0, 12, 25, 6, 22, 22, 22, 22, 6, 6, 3, 25, 24, 20, 27, 29], "best_fitness": -1.42452860382, "best_index": 22, "mean": -1.9219189685594997, "median": -1.88155078667, "min": -2.94881268574}