{"best_gene": [7, 8, 17, 14, 16, 23, 2, 22, 23, 15, 18, 12, 26, 11, 14, 7, 1, 6, 1, 14, 3, 3, 6, 23, 0, 22, 19, 19, 29, 0, 25, 11, 26, 13, 16, 2, 23, 25, 29, 27], "best_fitness": -1.94400556738, "best_index": 2, "mean": -2.3674342651355, "median": -2.24718414697, "min": -4.43889344116}