{"best_gene": [7, 8, 17, 14, 16, 23, 2, 22, 23, 15, 18, 12, 26, 11, 14, 7, 1, 6, 1, 14, 3, 3, 6, 23, 0, 22, 19, 19, 29, 0, 20, 11, 26, 13, 16, 2, 23, 19, 9, 16], "best_fitness": -2.06858228033, "best_index": 6, "mean": -2.8397301552635, "median": -2.737658474605, "min": -5.35356830545}