{"best_gene": [20, 4, 23, 14, 16, 23, 2, 22, 29, 15, 18, 12, 26, 11, 14, 7, 1, 6, 1, 14, 3, 3, 6, 23, 0, 22, 19, 19, 29, 0, 20, 11, 26, 13, 16, 2, 23, 19, 9, 16], "best_fitness": -2.24718414697, "best_index": 61, "mean": -3.4343087434011252, "median": -3.395498629005, "min": -5.24552169062}