{"best_gene": [7, 15, 2, 0, 25, 12, 27, 23, 14, 2, 24, 16, 0, 0, 27, 6, 19, 20, 16, 19, 1, 24, 7, 2, 10, 22, 19, 19, 29, 0, 20, 11, 26, 13, 16, 2, 3, 24, 19, 16], "best_fitness": -2.58271261049, "best_index": 46, "mean": -3.537057789656, "median": -3.42565760278, "min": -5.38812512645}