{"best_gene": [1, 23, 8, 16, 6, 18, 22, 28, 13, 29, 16, 24, 25, 5, 25, 14, 2, 19, 6, 24, 2, 0, 25, 28, 28, 11, 11, 22, 26, 0, 8, 4, 7, 4, 18, 9, 2, 25, 29, 27], "best_fitness": -2.533546513, "best_index": 19, "mean": -3.4343465326162503, "median": -3.280280060265, "min": -5.75754961102}