{"best_gene": [7, 15, 2, 28, 25, 12, 27, 23, 14, 2, 24, 16, 25, 0, 15, 4, 1, 28, 2, 25, 11, 29, 14, 12, 20, 12, 25, 11, 7, 29, 26, 26, 25, 23, 2, 20, 17, 5, 3, 23], "best_fitness": -2.22011521634, "best_index": 4, "mean": -2.890625516241625, "median": -2.768371242485, "min": -4.69860101752}