{"best_gene": [26, 22, 18, 6, 16, 7, 10, 16, 12, 23, 16, 20, 6, 0, 9, 19, 9, 29, 2, 23, 3, 3, 6, 23, 0, 22, 19, 19, 29, 0, 20, 11, 26, 13, 16, 2, 23, 19, 9, 16], "best_fitness": -2.76045877077e-06, "best_index": 1, "mean": -0.4036781446475901, "median": -0.225898785644, "min": -1.66045398868}