{"best_gene": [3, 10, 2, 17, 14, 10, 26, 10, 18, 9, 10, 0, 6, 23, 5, 12, 9, 5, 2, 9, 9, 1, 5, 15, 8, 17, 3, 25, 28, 26, 2, 15, 19, 19, 19, 4, 5, 14, 15, 27], "best_fitness": -2.20554968319, "best_index": 22, "mean": -3.15349119425525, "median": -3.06778977057, "min": -6.3219806338}