{"best_gene": [12, 22, 10, 29, 15, 21, 3, 28, 20, 28, 22, 18, 16, 6, 27, 0, 22, 0, 4, 25, 9, 16, 8, 4, 0, 12, 25, 6, 22, 22, 22, 22, 6, 6, 11, 3, 11, 9, 11, 23], "best_fitness": -1.31632033056, "best_index": 47, "mean": -1.6748513669473333, "median": -1.648497532565, "min": -2.20439830652}