{"best_gene": [20, 4, 23, 14, 16, 23, 2, 22, 29, 15, 18, 12, 26, 11, 4, 7, 26, 22, 9, 8, 9, 16, 8, 19, 0, 12, 25, 16, 8, 7, 1, 29, 10, 28, 11, 16, 12, 24, 16, 5], "best_fitness": -1.3893296223, "best_index": 55, "mean": -1.8721390646114997, "median": -1.86328947806, "min": -2.5544206383}