{"best_gene": [11, 25, 28, 9, 20, 27, 3, 6, 15, 11, 12, 18, 27, 29, 9, 6, 9, 12, 19, 12, 26, 29, 21, 16, 29, 22, 23, 11, 26, 21, 19, 18, 11, 21, 13, 6, 15, 26, 16, 16], "best_fitness": -0.48431309167, "best_index": 8, "mean": -1.0261254924774001, "median": -0.986037272601, "min": -1.62940761067}