{"best_gene": [8, 0, 22, 21, 6, 0, 9, 3, 10, 15, 10, 22, 5, 7, 15, 12, 26, 22, 9, 8, 9, 16, 8, 19, 0, 12, 25, 23, 29, 11, 22, 6, 22, 6, 3, 26, 29, 29, 11, 1], "best_fitness": -2.49280927573, "best_index": 74, "mean": -3.3172128768453746, "median": -3.14427019152, "min": -5.84275556874}