{"best_gene": [3, 4, 22, 24, 10, 27, 13, 21, 23, 27, 11, 25, 15, 12, 15, 21, 15, 16, 2, 26, 12, 10, 12, 10, 13, 9, 9, 15, 14, 0, 23, 7, 2, 8, 2, 20, 17, 29, 18, 1], "best_fitness": -2.63939703008, "best_index": 41, "mean": -3.983527630307999, "median": -3.97817267327, "min": -5.51905060051}