{"best_gene": [1, 23, 8, 16, 6, 18, 22, 28, 13, 29, 16, 24, 25, 5, 25, 14, 2, 19, 6, 24, 2, 0, 25, 28, 28, 11, 11, 22, 26, 0, 8, 4, 7, 4, 18, 9, 2, 25, 29, 27], "best_fitness": -2.533546513, "best_index": 40, "mean": -3.5577401403259996, "median": -3.42550012228, "min": -5.18497955368}