{"best_gene": [7, 4, 13, 18, 14, 13, 13, 2, 18, 2, 9, 22, 3, 1, 2, 21, 3, 24, 16, 16, 11, 4, 25, 29, 16, 15, 22, 4, 19, 2, 6, 0, 29, 4, 10, 12, 21, 10, 23, 17], "best_fitness": -2.60695780128, "best_index": 66, "mean": -3.84317490138625, "median": -3.7387890156, "min": -5.8067195972}