{"best_gene": [7, 8, 17, 14, 16, 23, 2, 22, 23, 15, 18, 12, 26, 11, 14, 7, 1, 6, 1, 14, 3, 3, 6, 23, 0, 22, 19, 19, 29, 0, 20, 11, 26, 13, 16, 2, 23, 19, 9, 16], "best_fitness": -2.06858228033, "best_index": 15, "mean": -2.647338813264625, "median": -2.56043600017, "min": -4.34463042934}