{"best_gene": [27, 26, 11, 5, 0, 28, 9, 8, 0, 28, 18, 15, 15, 12, 3, 22, 27, 22, 8, 22, 14, 28, 4, 16, 5, 18, 12, 22, 26, 0, 8, 4, 7, 4, 18, 9, 2, 25, 29, 27], "best_fitness": -2.42675458747, "best_index": 54, "mean": -3.6806766500956245, "median": -3.51785160756, "min": -5.84910754438}