{"best_gene": [26, 22, 18, 6, 16, 7, 10, 16, 12, 23, 16, 20, 6, 0, 9, 19, 9, 29, 2, 23, 10, 29, 29, 12, 7, 20, 9, 2, 17, 13, 23, 11, 25, 23, 27, 10, 16, 9, 20, 26], "best_fitness": -0.0132678645265, "best_index": 52, "mean": -0.61808986473557, "median": -0.576463112731, "min": -1.85408798611}