{"best_gene": [7, 15, 2, 28, 25, 12, 27, 23, 14, 2, 24, 16, 25, 0, 15, 4, 1, 28, 2, 25, 11, 29, 14, 12, 20, 12, 25, 11, 7, 29, 26, 26, 25, 23, 2, 20, 17, 5, 3, 23], "best_fitness": -2.22011521634, "best_index": 6, "mean": -3.071483934050875, "median": -2.8926483237, "min": -5.66220218347}